Room,Check in,Check out
Room 9,2026-05-31,2026-06-01
Room 11,2026-05-30,2026-06-01
Room 2,2026-05-30,2026-06-01
,,
,,
,,
,,
,,
Room 6,2026-06-01,2026-06-02
Room 4,2026-05-02,2026-06-02
,,
,,
Room 11,2026-06-01,2026-06-03
Room 5,2026-06-01,2026-06-03
Room 9,2026-06-02,2026-06-03
,,
,,
,,
,,
Room 4,2026-06-23,2026-06-28
,,
Room 2,2026-06-22,2026-06-24
Room 2,2026-06-15,2026-06-23
Room 7,2026-06-23,2026-06-29
,,
,,
,,
,,
Room 4,2026-06-22,2026-07-15
,,
,,
Room 5,2026-06-27,2026-07-05
Room 10,2026-06-22,2026-06-28
Room 1,2026-06-15,2026-06-27
Room 11,2026-06-19,2026-06-24
Room 10,2026-06-19,2026-06-22
Room 8,2026-06-20,2026-06-21
Room 4,2026-06-17,2026-06-20
Room 10,2026-06-11,2026-06-17
Room 7,2026-06-01,2026-06-11
Room 10,2026-06-05,2026-06-10
,,
,,
Room 10,2026-07-01,2026-07-06
Room 11,2026-07-01,2026-07-04
Room 5,2026-05-25,2026-06-05
Room 8,2026-05-28,2026-06-05
Room 10,2026-07-02,2026-07-06
Room 9,2026-07-03,2026-07-14
Room 4,2026-07-03,2026-07-05
,,
,,
,,
Room 4,2026-06-01,2026-06-04
,,
,,
,,
,,
,,
Room 10,2026-05-31,2026-06-05
,2026-05-29,2026-06-05
Room 9,2026-06-03,2026-06-05
,,
,,
,,
,,
Room 4,2026-06-04,2026-06-05
,,
,,
,,
,,
Room 1,2026-07-03,2026-07-08
Room 8,2026-07-03,2026-07-04
Room 5,2026-07-05,2026-07-19
,,
,,
,,
Room 5,2026-06-04,2026-06-07
Room 2,2026-06-01,2026-06-06
Room 10,2026-06-06,2026-06-08
Room 11,2026-06-03,2026-06-06
,,
Room 4,2026-06-06,2026-06-08
,,
,,
Room 8,2026-06-05,2026-06-06
Room 3,2026-05-29,2026-06-06
,,
,,
,,
,,
,,
,,
Room 8,2026-06-06,2026-06-08
"Room 4, Room 10",2026-06-05,2026-06-06
,,
,,
,,
Room 2,2026-06-06,2026-06-09
,,
,,
,,
,,
,,
,,
Room 4,2026-06-08,2026-06-10
,,
Room 10,2026-06-08,2026-06-10
,,
Room 6,2026-06-02,2026-06-30
,,
Room 3,2026-06-15,2026-06-18
,,
Room 7,2026-05-31,2026-06-14
Room 1,2026-06-20,2026-06-21
,,
,,
Room 11,2026-06-16,2026-06-19
Room 9,2026-06-18,2026-06-20
Room 4,2026-06-20,2026-06-24
,,
,,
Room 9,2026-06-29,2026-07-03
Room 2,2026-06-10,2026-06-17
,,
Room 11,2026-06-27,2026-06-29
,,
,,
,,
,,
Room 1,2026-06-12,2026-06-15
,,
Room 8,2026-06-26,2026-06-28
Room 5,2026-06-20,2026-06-22
Room 8,2026-06-13,2026-06-15
Room 1,2026-06-01,2026-06-12
Room 9,2026-06-05,2026-06-11
,,
,,
Room 11,2026-06-06,2026-06-11
Room 5,2026-06-10,2026-06-12
Room 4,2026-06-10,2026-06-14
Room 11,2026-06-19,2026-06-21
Room 10,2026-06-20,2026-06-21
,,
,,
Room 11,2026-06-11,2026-06-14
,,
,,
,,
,,
Room 10,2026-06-26,2026-06-29
Room 7,2026-06-15,2026-06-18
Room 1,2026-06-27,2026-07-02
Room 2,2026-06-28,2026-07-05
,,
,,
,,
Room 3,2026-06-06,2026-06-14
,,
,,
,,
,,
Room 4,2026-06-26,2026-07-01
Room 3,2026-06-26,2026-07-01
,,
,,
,,
,,
,,
,,
Room 4,2026-06-18,2026-06-20
Room 4,2026-07-03,2026-07-05
,,
,,
,,
,,
Room 11,2026-07-04,2026-07-08
,,
,,
,,
Room 4,2026-07-05,2026-07-11
Room 10,2026-07-06,2026-07-09
Room 6,2026-07-08,2026-07-10
Room 9,2026-07-09,2026-07-11
Room 1,2026-07-10,2026-07-14
Room 10,2026-07-11,2026-07-16
Room 4,2026-07-11,2026-07-13
Room 9,2026-07-12,2026-07-18
Room 7,2026-07-13,2026-07-21
Room 1,2026-07-14,2026-08-13
Room 2,2026-07-15,2026-07-28
Room 4,2026-07-15,2026-07-30
Room 11,2026-07-20,2026-07-25
Room 10,2026-07-24,2026-07-26
Room 9,2026-07-24,2026-07-26
Room 10,2026-07-28,2026-08-02
Room 10,2026-08-02,2026-08-08
Room 4,2026-08-03,2026-08-21
Room 1,2026-08-14,2026-08-16
Room 11,2026-08-14,2026-08-20
Room 10,2026-08-15,2026-08-30
Room 1,2026-08-19,2026-08-22
Room 9,2026-08-26,2026-09-22
Room 7,2026-09-01,2026-09-29
,,
,,
,,
,,
,,
,,
,,
,,
,,
,,
,,
,,
,,
,,
,,
,,
,,
,,
,,
,,
,,
,,
,,
Room 9,2026-06-12,2026-06-17
Room 10,2026-06-13,2026-06-15
Room 4,2026-06-14,2026-06-18
Room 2,2026-08-22,2026-08-23
,,
,,
,,
,,
,,
,,
,,
,,
,,
,,
,,
,,
,,
,,
,,
,,
,,
,,
,,
,,
,,
,,
Room 10,2026-06-17,2026-06-20
Room 8,2026-06-20,2026-06-23
Room 10,2026-06-21,2026-06-26
Room 10,2026-07-01,2026-07-06
Room 1,2026-07-06,2026-07-08
,,
,,
,,
,,
Room 5,2026-06-17,2026-06-19
Room 1,2026-07-02,2026-07-05
Room 5,2026-07-15,2026-07-29
Room 11,2026-07-29,2026-08-03
UNALLOCATED,2026-06-19,2026-06-21
UNALLOCATED,2026-06-26,2026-06-28
,,
,2026-07-03,2026-07-05
,2027-01-07,2027-01-10
,,
,,
,,
,,
,2026-07-28,2026-08-02
UNALLOCATED,2026-06-10,2026-06-17
Room 10,2026-06-10,2026-06-13
,,
,,
,,
,,
,,
,,
,,
,,
,,
,,
Room 10,2026-05-14,2026-05-17
Room 8,2026-05-15,2026-05-17
Room 5,2026-05-15,2026-05-17
Room 2,2026-05-16,2026-05-30
Room 9,2026-05-16,2026-05-17
Room 8,2026-05-17,2026-05-20
Room 10,2026-05-19,2026-05-21
Room 7,2026-05-19,2026-05-20
Room 5,2026-05-19,2026-05-21
Room 11,2026-05-20,2026-05-30
Room 1,2026-05-20,2026-05-22
Room 8,2026-05-20,2026-05-22
Room 7,2026-05-20,2026-05-22
Room 10,2026-05-21,2026-05-24
"Room 5, Room 6",2026-05-21,2026-05-24
Room 9,2026-05-21,2026-05-23
Room 6,2026-05-21,2026-05-23
Room 5,2026-05-22,2026-05-24
Room 1,2026-05-22,2026-05-23
Room 8,2026-05-23,2026-05-27
Room 7,2026-05-23,2026-05-25
Room 1,2026-05-23,2026-05-24
Room 6,2026-05-23,2026-05-24
Room 1,2026-05-23,2026-05-24
Room 9,2026-05-24,2026-05-26
Room 6,2026-05-24,2026-05-26
Room 1,2026-05-24,2026-05-28
Room 10,2026-05-25,2026-05-28
Room 7,2026-05-25,2026-05-27
Room 5,2026-05-25,2026-05-26
"Room 5, Room 6",2026-05-26,2026-05-28
Room 3,2026-05-26,2026-05-27
Room 7,2026-05-27,2026-05-29
Room 3,2026-05-27,2026-05-29
Room 1,2026-05-28,2026-05-31
Room 10,2026-05-28,2026-05-29
Room 6,2026-05-28,2026-05-29
"Room 7, Room 10, Room 9, Room 6, Room 5",2026-05-29,2026-05-31
Room 9,2026-05-29,2026-05-30
,2026-05-30,2026-05-31
Room 3,2026-05-30,2026-05-31
,,
,,
,,
,,
,,
,,
,,
,,
,,
,,
,,
,,
,,
,,
,,
,,
,,
,,
,,
,,
,,
,,
,,
,,
,,
,,
,,
,,
,,
,,
,,
,,
,,
,,
,,
,,
,,
,,
,,
,,
,,
,,
,,
,,
,,
,,
,,
,,
,,
,,
,,
,,
,,
,,
,,
,,
,,
,,
,,
,,
,,
,,
,,
,,
,,
,,
,,
,,
,,
,,
,,
,,
,,
,,
Room 7,2026-07-05,2026-07-12
"Room 2, Room 3",2026-07-06,2026-07-10
,2026-06-18,2026-06-23
,2026-06-21,2026-07-11
,2026-06-30,2026-07-24
,2026-07-05,2026-07-21
,2026-07-24,2026-08-17
,2026-10-12,2026-10-27